{"data": {"reference": {"pose": [-0.680745237541182, 0.013018711849861253, -0.7324045567217412, -0.16690030694007874, 0.7323233368807862, 0.03527715531449506, -0.6800426843755527, 0.1283257156610489, 0.0169838695470253, -0.9992927676385372, -0.03354866197812299, -0.0003248751163482666, 0.0, 0.0, 0.0, 1.0]}, "moved": {"pose": [0.43057761659408933, 0.7695488062701716, 0.4715904482242055, -0.17869426310062408, -0.8506893012820762, 0.17145728561532736, 0.49692062937016085, 0.11856700479984283, 0.3015470589681919, -0.6151398491217892, 0.7284726056963678, -0.1814834177494049, 0.0, 0.0, 0.0, 1.0]}}}