{"data": {"reference": {"pose": [0.32895422289777215, 0.034146292536458844, -0.9437283242245817, -0.14728592336177826, 0.9442363168477433, 0.00332849525920087, 0.3292517259865425, 0.05876743793487549, 0.014383921006825562, -0.9994113026303654, -0.03114724692722215, -0.00010022521018981934, 0.0, 0.0, 0.0, 1.0]}, "moved": {"pose": [-0.2784602827315108, -0.7693974627557809, -0.5748803486344388, -0.03127851337194443, 0.905146228664504, -0.010051718936335052, -0.42498149098619625, 0.09786660969257355, 0.3212011451964525, -0.6386912456354727, 0.6992162162543828, -0.07831382751464844, 0.0, 0.0, 0.0, 1.0]}}}