{"data": {"reference": {"pose": [0.9998674392618532, 0.014206924601935865, 0.007954067971737854, -0.21820467710494995, -0.007506274758682654, -0.03129931513014467, 0.9994818701265326, 0.10301458835601807, 0.014448520449903518, -0.9994090834917094, -0.031188524990289512, -0.00011679530143737793, 0.0, 0.0, 0.0, 1.0]}, "moved": {"pose": [0.7662445632547641, -0.25484156451007745, -0.5898517155019322, -0.14404936134815216, 0.5542272099718261, 0.7266117664021703, 0.40603884131048806, 0.005646549165248871, 0.32511762334478544, -0.6380369252041564, 0.6980024448858788, -0.0783979594707489, 0.0, 0.0, 0.0, 1.0]}}}