{"data": {"reference": {"pose": [0.8149437269164573, -0.00472014914805291, 0.5795208729213599, -0.1411050260066986, -0.5791928819468211, -0.04124268257971031, 0.8141465756457895, 0.10653974115848541, 0.020058102144787593, -0.999138009148711, -0.03634434223782118, -0.0005692541599273682, 0.0, 0.0, 0.0, 1.0]}, "moved": {"pose": [0.6701364522449229, 0.7151305853863775, -0.1987596066043743, -0.22530873119831085, -0.007081352500262317, 0.2739320058667121, 0.9617229905792036, 0.058696284890174866, 0.7422041429548583, -0.6430781461119458, 0.18863591432669363, -0.1728784143924713, 0.0, 0.0, 0.0, 1.0]}}}