{"data": {"reference": {"pose": [-0.8482401420436507, 0.004312186437449017, -0.5295942470173709, -0.218882218003273, 0.5294176929799164, 0.03397505295595667, -0.8476807194554228, -0.05445808917284012, 0.01433763528586246, -0.9994133783499042, -0.03110195154071481, -0.00010946393013000488, 0.0, 0.0, 0.0, 1.0]}, "moved": {"pose": [0.6390904234965783, 0.6974804412252726, 0.32416734058686936, -0.22724364697933197, -0.708193440329195, 0.369217265424282, 0.6017812409732581, -0.06791776418685913, 0.3000424664437744, -0.6141658123184768, 0.7299142917559036, -0.1813485324382782, 0.0, 0.0, 0.0, 1.0]}}}