{"data": {"reference": {"pose": [-0.5522811430330968, 0.018547637396147232, -0.8334515727965706, -0.18672189116477966, 0.8334839988699148, 0.03270579922922891, -0.5515747948597662, -0.03039225935935974, 0.017028290515256506, -0.9992929079323032, -0.03352195516865951, -0.0003205239772796631, 0.0, 0.0, 0.0, 1.0]}, "moved": {"pose": [0.6273706327835153, 0.49083492316927685, -0.6045553467782927, -0.19748172163963318, 0.2807378120175296, 0.5815789393884141, 0.7635130766158872, -0.00794253870844841, 0.7263555396804116, -0.6487272273130346, 0.22706962482534, -0.07125905156135559, 0.0, 0.0, 0.0, 1.0]}}}