{"data": {"reference": {"pose": [0.6324777617427668, -0.01350540142958434, 0.7744607704933064, -0.08579401671886444, -0.7742661926346878, -0.03941402342836403, 0.6316315363407474, 0.09278720617294312, 0.021994177498705192, -0.9991316924657201, -0.03538526906413603, -0.00042179226875305176, 0.0, 0.0, 0.0, 1.0]}, "moved": {"pose": [-0.37111452180882365, -0.7790028650826714, -0.5053993944353292, -0.07293272763490677, 0.8815519882082358, -0.12453892462843297, -0.45536375386991434, 0.1008598804473877, 0.2917877718286266, -0.614527942770207, 0.732949727993607, -0.18171706795692444, 0.0, 0.0, 0.0, 1.0]}}}