{"data": {"reference": {"pose": [-0.6392251196093727, 0.014769900901294541, -0.7688778163581969, -0.19767320156097412, 0.7688852813288782, 0.03096544117697629, -0.6386364894120341, -0.06237427145242691, 0.014376043134155359, -0.9994113224694231, -0.031150247249801102, -0.00011023879051208496, 0.0, 0.0, 0.0, 1.0]}, "moved": {"pose": [0.5799813548216477, 0.4087775296170234, -0.7046435690045355, -0.2100570797920227, 0.3629548962377068, 0.6447187675652734, 0.6727566083259164, -0.04285332188010216, 0.7293047177663953, -0.6459401226346901, 0.2255570584449974, -0.07148608565330505, 0.0, 0.0, 0.0, 1.0]}}}