{"data": {"reference": {"pose": [0.9998524189049982, 0.01694418035058716, 0.002834636144379981, -0.20821192860603333, -0.0022640871421777415, -0.03359711623673439, 0.999432893039842, 0.1181400716304779, 0.017029806788007747, -0.9992918135023534, -0.03355379483666471, -0.0003248155117034912, 0.0, 0.0, 0.0, 1.0]}, "moved": {"pose": [0.76171972767806, -0.2579069853140322, -0.5943627203924298, -0.1333061307668686, 0.5603038192014067, 0.7228498300709746, 0.4044103774072577, 0.02109522745013237, 0.3253347301693742, -0.641071064775654, 0.6951152445839681, -0.07813623547554016, 0.0, 0.0, 0.0, 1.0]}}}