{"data": {"reference": {"pose": [-0.04072344290669422, 0.03284612706279494, -0.9986304287046335, -0.2177833616733551, 0.9990261325005994, 0.018325421492448896, -0.0401368348031968, -0.022989816963672638, 0.016981983945353163, -0.9992924050867689, -0.03356041354305611, -0.0003260970115661621, 0.0, 0.0, 0.0, 1.0]}, "moved": {"pose": [-0.5922013593503632, -0.7101097285679925, -0.38084343683024613, -0.12411195039749146, 0.7388068877215925, -0.28983437793560274, -0.608408099898264, 0.05614107847213745, 0.321654990072773, -0.6416698580732728, 0.6962742711040744, -0.07806617021560669, 0.0, 0.0, 0.0, 1.0]}}}