{"data": {"reference": {"pose": [-0.4397171254709703, -0.03535145879230461, 0.8974403177531101, -0.12538419663906097, -0.8980078954702769, 0.0004079444018366962, -0.43997915093150647, -0.02835797518491745, 0.015187799070018382, -0.999374858570407, -0.03192526925160932, -0.00018212199211120605, 0.0, 0.0, 0.0, 1.0]}, "moved": {"pose": [0.11444138600233708, 0.41150125086274697, 0.9041957142722249, -0.18686175346374512, -0.650638192905297, -0.6567543898871684, 0.3812395746730173, 0.04805302619934082, 0.7507150665217756, -0.6319338508913162, 0.1925785475978001, -0.17331752181053162, 0.0, 0.0, 0.0, 1.0]}}}