{"data": {"reference": {"pose": [0.8039633776357464, -0.006948365041855753, 0.5946382157612871, -0.14611069858074188, -0.594504694837946, -0.03358624329950399, 0.8033903982975319, 0.105084627866745, 0.014389414031248382, -0.9994116691755561, -0.031132945243996235, -0.00011280179023742676, 0.0, 0.0, 0.0, 1.0]}, "moved": {"pose": [0.941918851591541, 0.25501652483633513, -0.2185302017499452, -0.14646244049072266, -0.043796768307007794, 0.7384128489472557, 0.6729251872202882, -0.01905200630426407, 0.33297255157495365, -0.6242700029394304, 0.7066938823335522, -0.07941976189613342, 0.0, 0.0, 0.0, 1.0]}}}