{"data": {"reference": {"pose": [-0.6714531769991405, 0.01343604887707145, -0.7409251674010903, -0.1916850060224533, 0.7409076451018108, 0.031560032768978716, -0.670864983257667, -0.015055984258651733, 0.01436984785757367, -0.9994115453216426, -0.031145955601911537, -0.00011238455772399902, 0.0, 0.0, 0.0, 1.0]}, "moved": {"pose": [-0.6481524813894205, -0.7614254461692089, -0.01138643029038977, -0.09863490611314774, 0.15336428674264485, -0.11587390752292455, -0.9813524510120145, 0.011862547136843204, 0.745907337690585, -0.6378122980010575, 0.1918794311487127, -0.1728818714618683, 0.0, 0.0, 0.0, 1.0]}}}