{"data": {"reference": {"pose": [-0.8156859317990596, 0.005537063442093038, -0.5784684966301432, -0.17369405925273895, 0.578244571837756, 0.037223545790601074, -0.8150138788873139, -0.03749410808086395, 0.017019865019146874, -0.9992916233848922, -0.033564499512382974, -0.0003273487091064453, 0.0, 0.0, 0.0, 1.0]}, "moved": {"pose": [0.5688072430628157, 0.3715955660884244, -0.7337404551356714, -0.19900047779083252, 0.4202244607875096, 0.6355808981568292, 0.6476483030580757, -0.012229874730110168, 0.7070146552902037, -0.6767227328541445, 0.2053694720334367, -0.06942698359489441, 0.0, 0.0, 0.0, 1.0]}}}