{"data": {"reference": {"pose": [0.10158752457861034, 0.03754487025321507, -0.9941178791107517, -0.18044641613960266, 0.9945794625281534, 0.018440036092085665, 0.10233111836646536, 0.09603599458932877, 0.02217357813252524, -0.9991247908978095, -0.0354680792573967, -0.0004299581050872803, 0.0, 0.0, 0.0, 1.0]}, "moved": {"pose": [0.6558037271445953, 0.7537149836868257, 0.042839174002604175, -0.17436355352401733, -0.19900298773213676, 0.11785522779969443, 0.9728864045478101, 0.12232328951358795, 0.7282302399220595, -0.6465476538092536, 0.22728143130667194, -0.0712117850780487, 0.0, 0.0, 0.0, 1.0]}}}