{"data": {"reference": {"pose": [-0.3341919183531578, -0.04059848655403436, 0.9416302483443055, -0.1342841386795044, -0.9422982325230498, -0.006536185079692641, -0.33471079945012316, 0.016218088567256927, 0.019743421470781286, -0.9991541628668351, -0.03607154189248363, -0.0005455315113067627, 0.0, 0.0, 0.0, 1.0]}, "moved": {"pose": [0.5255245742421524, -0.5265292356786803, -0.6682745587280947, -0.1205381229519844, 0.7989291948170013, 0.575435793534574, 0.17488793322666216, 0.013056665658950806, 0.29246549118940984, -0.625811961770355, 0.7230652287093311, -0.18084397912025452, 0.0, 0.0, 0.0, 1.0]}}}