{"data": {"reference": {"pose": [-0.02748737365714224, -0.03602904958739078, 0.9989726482117828, -0.23453745245933533, -0.9993782906366195, -0.021082387755285786, -0.02825889471944376, 0.06387895345687866, 0.022078869845657212, -0.9991283403609195, -0.03542715052009435, -0.0004271268844604492, 0.0, 0.0, 0.0, 1.0]}, "moved": {"pose": [0.2925442546045957, -0.6743186754536389, -0.6780207836285638, -0.21933256089687347, 0.9104463961535801, 0.41322893039549247, -0.018144167524460852, 0.061763130128383636, 0.2924127542170484, -0.6119936070079879, 0.7348187573494248, -0.18189987540245056, 0.0, 0.0, 0.0, 1.0]}}}