{"data": {"reference": {"pose": [-0.2310641811692809, -0.039603355638596294, 0.972132150688749, -0.16175642609596252, -0.9726863654924295, -0.013343192675234483, -0.23173949511112596, 0.0647038146853447, 0.022149008232824674, -0.9991263851142129, -0.03543851016772326, -0.0004290640354156494, 0.0, 0.0, 0.0, 1.0]}, "moved": {"pose": [0.25388995278474524, 0.5269978014147026, 0.8110568470699384, -0.2379290908575058, -0.6212829825949769, -0.553820284265783, 0.5543379368883723, 0.12397688627243042, 0.7413146075809174, -0.6446366496250713, 0.186805360060448, -0.1726578176021576, 0.0, 0.0, 0.0, 1.0]}}}