{"data": {"reference": {"pose": [0.8372563175228507, 0.03257257495054788, -0.5458396157564658, -0.13968801498413086, 0.5465467815738774, -0.018843935433119963, 0.8372165321161715, 0.14897409081459045, 0.016984531766037925, -0.9992917158960555, -0.03357963999516822, -0.00032702088356018066, 0.0, 0.0, 0.0, 1.0]}, "moved": {"pose": [0.25743349692061396, 0.01565407457565854, -0.966169211169764, -0.12766636908054352, 0.6156525788939673, 0.7680011941737226, 0.1764824859552455, 0.05316561087965965, 0.7447817779487034, -0.6402570700093172, 0.18807176167264622, -0.17284664511680603, 0.0, 0.0, 0.0, 1.0]}}}