{"data": {"reference": {"pose": [0.9121947868854975, 0.0017479332575969508, 0.4097531153124384, -0.14862005412578583, -0.4094043086900788, -0.03758417345308518, 0.9115785988777088, 0.11671540141105652, 0.016993610708736645, -0.9992919366407271, -0.03356847568634169, -0.00032654404640197754, 0.0, 0.0, 0.0, 1.0]}, "moved": {"pose": [-0.729250084341907, -0.6400256464146507, -0.2419948065947489, -0.14186319708824158, 0.6168778359973356, -0.4619320550801836, -0.6372444679592303, 0.1305481195449829, 0.2960676442007226, -0.6139918146204449, 0.7316816258705199, -0.1815641224384308, 0.0, 0.0, 0.0, 1.0]}}}