{"data": {"reference": {"pose": [0.1814029102615425, 0.03324312684650815, -0.9828468236027981, -0.17589323222637177, 0.983304353625879, 0.00843844821762113, 0.18177277225170746, 0.12604711949825287, 0.014336397352030572, -0.9994116704887659, -0.031157352291541096, -0.0001106560230255127, 0.0, 0.0, 0.0, 1.0]}, "moved": {"pose": [-0.2725423479916969, -0.5567341793060158, -0.7847086861655287, -0.09771309047937393, 0.6060528775317408, 0.5341081100082958, -0.589430603598815, 0.06832139939069748, 0.7472754366273991, -0.6362197579577544, 0.19184327300561446, -0.17299136519432068, 0.0, 0.0, 0.0, 1.0]}}}