{"data": {"reference": {"pose": [0.8803674629785796, -0.002118520454456041, 0.47428750985003154, -0.10874897241592407, -0.47407408583502214, -0.034256918209201015, 0.879818290725134, 0.10544579476118088, 0.014383715387472379, -0.9994108141429592, -0.03116301182106801, -0.00011321902275085449, 0.0, 0.0, 0.0, 1.0]}, "moved": {"pose": [0.6611393350346481, 0.6786303404333688, -0.31993068110644374, -0.1874745488166809, 0.07343115405520595, 0.36584717236206654, 0.9277735241365754, 0.04881049320101738, 0.7466609975645331, -0.6368804499417218, 0.19204334718486338, -0.17292878031730652, 0.0, 0.0, 0.0, 1.0]}}}