{"data": {"reference": {"pose": [0.7489891161370281, -0.009545085021272104, 0.6625135434541778, -0.12973016500473022, -0.6623656755992624, -0.0363526267362726, 0.7482982014660376, 0.09539170563220978, 0.016941537598656742, -0.9992934393266627, -0.03355005845722736, -0.00032588839530944824, 0.0, 0.0, 0.0, 1.0]}, "moved": {"pose": [0.6668704879358718, 0.7389537778416553, -0.09607843948419192, -0.21853959560394287, -0.07991006787378707, 0.19910697349763495, 0.9767142848126154, 0.05752862989902496, 0.7408765979382658, -0.6436642970665356, 0.19182841111072058, -0.1726658046245575, 0.0, 0.0, 0.0, 1.0]}}}