{"data": {"reference": {"pose": [-0.4959404276538999, -0.034438558896396965, 0.867673370502752, -0.1652251034975052, -0.8682567597382207, 0.00451870724899206, -0.49609452774011037, 0.04247761145234108, 0.013164018662709831, -0.9993966014280502, -0.03214252116294736, -0.0002466142177581787, 0.0, 0.0, 0.0, 1.0]}, "moved": {"pose": [0.02177773096080038, 0.29055630818034833, 0.956610036645448, -0.21513763070106506, -0.68333236284571, -0.6941226478138882, 0.22638602359583954, 0.1216145008802414, 0.7297825788013153, -0.6586127705780109, 0.1834301123307145, -0.1715676486492157, 0.0, 0.0, 0.0, 1.0]}}}