{"data": {"reference": {"pose": [0.14274131653169952, 0.05657945014108734, -0.9881415295272886, -0.20967641472816467, 0.9835535558949574, 0.10352110969227424, 0.14800602195338242, 0.16731497645378113, 0.11066760700937817, -0.9930166895222922, -0.0408721798905502, -0.00616106390953064, 0.0, 0.0, 0.0, 1.0]}, "moved": {"pose": [-0.4792271942584904, 0.6082072649036512, 0.6327916080366072, -0.22257348895072937, -0.8465738566565961, -0.5105867460126365, -0.15037912096366518, 0.19547061622142792, 0.23163333419158885, -0.6077705962899549, 0.759579423613252, -0.1893443763256073, 0.0, 0.0, 0.0, 1.0]}}}