{"data": {"reference": {"pose": [0.8859007899678855, 0.027178174517699244, -0.46307789535256594, -0.20944924652576447, 0.4636517196948975, -0.020926363126497816, 0.8857703822945663, 0.13442334532737732, 0.014383085838608728, -0.9994115439378232, -0.031139888978218566, -0.00011292099952697754, 0.0, 0.0, 0.0, 1.0]}, "moved": {"pose": [0.20618378939102017, 0.5119590576207111, 0.8338981762256547, -0.18508994579315186, -0.6553381911766027, -0.5606085269231156, 0.506211353810316, 0.14369314908981323, 0.7266499158313707, -0.6508578975945577, 0.21991793233170925, -0.07112661004066467, 0.0, 0.0, 0.0, 1.0]}}}