{"data": {"reference": {"pose": [-0.27040362876686275, 0.027728751629207682, -0.9623476471020223, -0.19859740138053894, 0.9625965911883969, 0.02545810566676132, -0.26974003686575393, 0.04094169661402702, 0.017019993601378625, -0.9992912494307882, -0.03357556595000752, -0.00032779574394226074, 0.0, 0.0, 0.0, 1.0]}, "moved": {"pose": [-0.7621338185783265, -0.6126797281101513, -0.20922617747808164, -0.12712566554546356, 0.5613600020739968, -0.46436963675995674, -0.6850078747918948, 0.1405670940876007, 0.3225321544446396, -0.6395188747944014, 0.6978456979383065, -0.07829689979553223, 0.0, 0.0, 0.0, 1.0]}}}