{"data": {"reference": {"pose": [0.9144137485890603, 0.029133347594624714, -0.40373102983203246, -0.22143396735191345, 0.40442272037985255, -0.02381087721322206, 0.914262164462085, 0.086939737200737, 0.01702232745138968, -0.999291894385353, -0.03355518117772616, -0.0003249943256378174, 0.0, 0.0, 0.0, 1.0]}, "moved": {"pose": [0.46775885229967973, -0.5299425424313833, -0.7073631018201672, -0.11350245773792267, 0.8218209405025088, 0.5553159780996418, 0.12741470173732033, 0.028742462396621704, 0.32528756177705076, -0.6409251642653766, 0.6952718432128124, -0.0781504213809967, 0.0, 0.0, 0.0, 1.0]}}}