{"data": {"reference": {"pose": [-0.42871812422082356, -0.03451538309785118, 0.902778742712846, -0.11503194272518158, -0.9033210699215519, 0.0002791817973457622, -0.42896499471787514, -0.017527522519230843, 0.014553851736259005, -0.9994041276616445, -0.03129816308517788, -0.00012859702110290527, 0.0, 0.0, 0.0, 1.0]}, "moved": {"pose": [0.6273898475950075, -0.44398911215651715, -0.639730917981288, -0.10105328261852264, 0.7162225265316959, 0.6514462379851576, 0.2502860193928941, -0.024409878998994827, 0.3056260323062615, -0.615216601939068, 0.726705759627154, -0.18129482865333557, 0.0, 0.0, 0.0, 1.0]}}}