{"data": {"reference": {"pose": [0.9630300384961943, 0.0054874394049183595, 0.2693381387081973, -0.17544175684452057, -0.269008433565131, -0.033885684250246906, 0.9625415435573299, 0.1278366595506668, 0.014408595519802614, -0.9994106505394418, -0.031156764329384468, -0.00011482834815979004, 0.0, 0.0, 0.0, 1.0]}, "moved": {"pose": [-0.394688858811785, -0.14156628941059507, 0.9078434283687722, -0.1428280770778656, -0.5856035430370634, -0.7226178078172157, -0.3672764547420362, 0.11293649673461914, 0.7080177929348164, -0.6765962529662402, 0.2023074772709959, -0.06945478916168213, 0.0, 0.0, 0.0, 1.0]}}}