{"data": {"reference": {"pose": [0.7773020248282478, -0.0050569177699708034, 0.6291072959206352, -0.1529887467622757, -0.6287368255336356, -0.041484256616097503, 0.776510824567756, 0.09764612466096878, 0.02217129711569943, -0.9991263603947588, -0.03542526709186333, -0.0004312098026275635, 0.0, 0.0, 0.0, 1.0]}, "moved": {"pose": [0.9430131291881866, 0.25698511392255363, -0.21138800675751762, -0.15555047988891602, -0.04398415978819721, 0.7259567589543561, 0.6863324105826658, -0.025932446122169495, 0.3298357649898363, -0.6379227503003, 0.6958900292308192, -0.07811781764030457, 0.0, 0.0, 0.0, 1.0]}}}