{
    "action/delta": {
        "min": [
            -0.02500000223517418,
            -0.02500000223517418,
            -0.02500000223517418,
            -0.02919948101043701,
            -0.9995735883712769,
            -0.3420194387435913,
            -0.9995735883712769,
            -0.02919948101043701,
            -0.3253908157348633,
            -1.0
        ],
        "max": [
            0.02500000223517418,
            0.02500000223517418,
            0.02500000223517418,
            1.0,
            0.9995735883712769,
            0.3420201241970062,
            0.9995735883712769,
            1.0,
            0.3268953859806061,
            1.0
        ],
        "mean": [
            0.0003233230672776699,
            0.0001856571907410398,
            0.000745394267141819,
            0.9696016311645508,
            -0.014105589129030704,
            -0.0004176025977358222,
            0.013736015185713768,
            0.9720736145973206,
            0.0016461024060845375,
            0.05921998620033264
        ],
        "std": [
            0.010134239681065083,
            0.008437903597950935,
            0.011506258510053158,
            0.04324401915073395,
            0.22732478380203247,
            0.07879338413476944,
            0.2270781397819519,
            0.04342490807175636,
            0.040251314640045166,
            0.9970903396606445
        ]
    },
    "action/pos": {
        "min": [
            0.28521716594696045,
            -0.23620346188545227,
            -0.003309875726699829,
            -0.9999985694885254,
            -1.0000001192092896,
            -0.9301227927207947,
            -1.0,
            -1.0,
            -0.8443803191184998
        ],
        "max": [
            0.7450793981552124,
            0.282291978597641,
            0.4512908458709717,
            1.0,
            1.0,
            0.7417611479759216,
            1.0,
            0.9999983906745911,
            0.7757206559181213
        ],
        "mean": [
            0.5424903035163879,
            0.06886977702379227,
            0.09840977191925049,
            0.6187305450439453,
            -0.03059316985309124,
            -0.05652430281043053,
            -0.029744181782007217,
            -0.6646550297737122,
            0.008132481947541237
        ],
        "std": [
            0.07149351388216019,
            0.06872157752513885,
            0.05126180499792099,
            0.42499130964279175,
            0.5987667441368103,
            0.27156540751457214,
            0.5941711664199829,
            0.4430033564567566,
            0.09106669574975967
        ]
    },
    "robot_state": {
        "min": [
            0.2869773209095001,
            -0.23620346188545227,
            -0.003309875726699829,
            -0.9999985694885254,
            -1.0000001192092896,
            -0.9301227927207947,
            -1.0,
            -1.0,
            -0.8443803191184998,
            -0.6564680933952332,
            -1.1665856838226318,
            -0.35987475514411926,
            -2.2616419792175293,
            -2.3873140811920166,
            -2.8518967628479004,
            3.242922684876248e-05
        ],
        "max": [
            0.7450793981552124,
            0.282291978597641,
            0.4512908458709717,
            1.0,
            1.0,
            0.7417611479759216,
            1.0,
            0.9999983906745911,
            0.7757206559181213,
            0.5304044485092163,
            0.39906060695648193,
            0.36810025572776794,
            2.3710689544677734,
            2.74540638923645,
            2.8009233474731445,
            0.07000000029802322
        ],
        "mean": [
            0.5424837470054626,
            0.06883852928876877,
            0.09843140095472336,
            0.6186585426330566,
            -0.02960687130689621,
            -0.05650975927710533,
            -0.028758279979228973,
            -0.6645848751068115,
            0.008108597248792648,
            0.0006672509480267763,
            0.0006910784868523479,
            0.00019331146904733032,
            -0.0049683889374136925,
            -0.004954691976308823,
            -0.02015780657529831,
            0.05169280245900154
        ],
        "std": [
            0.07147093862295151,
            0.06870410591363907,
            0.05123089253902435,
            0.42481887340545654,
            0.5989728569984436,
            0.27156713604927063,
            0.594398021697998,
            0.44284164905548096,
            0.09106197953224182,
            0.04058944433927536,
            0.03488219156861305,
            0.04359252378344536,
            0.0986676812171936,
            0.22522050142288208,
            0.8501261472702026,
            0.01829678751528263
        ]
    }
}