{"data": {"reference": {"pose": [0.13600349629361777, -0.007733326646026939, -0.9906781741084729, -0.1530235856771469, 0.9904625029441754, -0.02121482187296647, 0.13613949314749818, 0.027949556708335876, -0.02206987216708106, -0.9997450309913445, 0.004774280117938956, 0.0006939470767974854, 0.0, 0.0, 0.0, 1.0]}, "moved": {"pose": [-0.4301036508766392, -0.7630321046776006, -0.4824861207681078, -0.1278935670852661, 0.8454819919356361, -0.15308604026908418, -0.5115905253103122, 0.07401080429553986, 0.31649810554746616, -0.6279702791581806, 0.71097276859164, -0.12472805380821228, 0.0, 0.0, 0.0, 1.0]}}}