{"data": {"reference": {"pose": [0.07341486781846049, -0.006391641465580911, -0.997281005585975, -0.16987799108028412, 0.9970565942064085, -0.021688837312988707, 0.07353735299511371, 0.08758687973022461, -0.02209988988016065, -0.9997443379461501, 0.004780545146591486, 0.0006936490535736084, 0.0, 0.0, 0.0, 1.0]}, "moved": {"pose": [0.6809818154216294, 0.7245768420896952, -0.10607623189191234, -0.24642311036586761, -0.091211261171459, 0.22765018142413435, 0.9694616551122952, 0.08773330599069595, 0.7265977380232984, -0.6505104109888509, 0.22111520140990454, -0.11681053042411804, 0.0, 0.0, 0.0, 1.0]}}}
